{"cameraMode":{"drawMode":0,"name":"Shaded","section":"Shading Mode"},"sceneLighting":false,"audioPlay":false,"sceneViewState":{"m_AlwaysRefresh":false,"showFog":true,"showSkybox":false,"showFlares":true,"showImageEffects":true,"showParticleSystems":true,"showVisualEffectGraphs":true,"m_FxEnabled":true},"in2DMode":false,"pivot":{"x":220.29393005371095,"y":455.3799133300781,"z":375.15740966796877},"rotation":{"x":-0.001824334030970931,"y":-0.0032758337911218406,"z":-0.0034984275698661806,"w":-1.000609278678894},"size":634.8095703125,"orthographic":false}