{"cameraMode":{"drawMode":0,"name":"Shaded","section":"Shading Mode"},"sceneLighting":false,"audioPlay":false,"sceneViewState":{"m_AlwaysRefresh":false,"showFog":true,"showSkybox":false,"showFlares":true,"showImageEffects":true,"showParticleSystems":true,"showVisualEffectGraphs":true,"m_FxEnabled":true},"in2DMode":false,"pivot":{"x":0.0000050067901611328128,"y":4.255422592163086,"z":85.69744873046875},"rotation":{"x":-0.033251311630010608,"y":0.01914014294743538,"z":-0.004217388108372688,"w":-0.9998876452445984},"size":5.369409084320068,"orthographic":false}